type,label,value
species,Carpobrotus virescens,3703298
species,Chenopodium preissii subsp. obovatum,7792804
species,Ptilotus clivicola,9599949
species,Ptilotus declinatus,5548748
species,Ptilotus drummondii,7323831
species,Ptilotus manglesii,5548486
species,Ptilotus polystachyus,7323220
species,Actinotus leucocephalus,6026829
species,Platysace juncea,3633452
species,Platysace xerophila,3633223
species,Xanthosia huegelii,5539954
species,Xanthosia tomentosa,5539875
species,Hydrocotyle hispidula,6027014
species,Hydrocotyle lemnoides,3637037
species,Trachymene coerulea,6026479
species,Trachymene pilosa,6026369
species,Acanthocarpus preissii,2772861
species,Laxmannia grandiflora subsp. grandiflora,7228138
species,Laxmannia omnifertilis,2770346
species,Laxmannia ramosa subsp. ramosa,7070004
species,Laxmannia sessiliflora,2770362
species,Lomandra collina,2770957
species,Lomandra hastilis,2770940
species,Lomandra hermaphrodita,2770891
species,Lomandra preissii,2771004
species,Lomandra suaveolens,2770887
species,Thysanotus arenarius,5304125
species,Thysanotus dichotomus,5304087
species,Thysanotus manglesianus,5304060
species,Thysanotus patersonii,5304110
species,Thysanotus sparteus,5304078
species,Thysanotus spiniger,5304134
species,Thysanotus tenellus,5304118
species,Thysanotus teretifolius,5304055
species,Thysanotus thyrsoideus,5304081
species,Thysanotus triandrus,5304062
species,Thysanotus vernalis,5304097
species,Arnocrinum gracillimum,2770465
species,Arnocrinum preisii,2770468
species,Chamaescilla corymbosa,2772832
species,Chamaescilla corymbosa var. latifolia,2772836
species,Corynotheca micrantha,7319915
species,Dianella revoluta,5305191
species,Hensmania stoniella,2773880
species,Johnsonia pubescens,2781123
species,Johnsonia pubescens subsp. pubescens,7069947
species,Stawellia dimorphantha,2780616
species,Tricoryne elatior,2779140
species,Tricoryne humilis,2779150
species,Tricoryne tenella,2779148
species,Xanthorrhoea acanthostachya,2779414
species,Xanthorrhoea drummondii,2779410
species,Actinobole uliginosum,3130497
species,Arctotheca calendula,12351133
species,Blennospora drummondii,3117080
species,Brachyscome ciliaris,3144591
species,Centaurea melitensis,3128091
species,Gnephosis angianthoides,3117306
species,Gnephosis tenuissima,3117320
species,Hyalosperma cotula,3130632
species,Hypochaeris glabra,3093911
species,Lagenophora huegelii,3142121
species,Millotia myosotidifolia,5388764
species,Podolepis aristata,6064122
species,Podolepis gracilis,3100346
species,Podotheca angustifolia,4224262
species,Podotheca chrysantha,3131105
species,Podotheca gnaphalioides,3131106
species,Pterochaeta paniculata,5402605
species,Siemssenia capillaris,3130160
species,Siloxerus filifolius,3100659
species,Siloxerus humifusus,3100666
species,Sonchus oleraceus,8228544
species,Ursinia anthemoides,3089033
species,Waitzia acuminata,5396208
species,Waitzia podolepis,7892152
species,Borya sphaerocephala,2860799
species,Coincya tournefortii,3690903
species,Raphanus raphanistrum,3040983
species,Byblis lamellata,5635105
species,Isotoma hypocrateriformis,5412359
species,Lobelia heterophylla,5408368
species,Lobelia rarifolia,5407821
species,Lobelia rhytidosperma,5408365
species,Wahlenbergia capensis,5413612
species,Wahlenbergia gracilenta,5413606
species,Polycarpon tetraphyllum,3085381
species,Allocasuarina campestris,2891864
species,Allocasuarina humilis,2891890
species,Allocasuarina lehmanniana,2891855
species,Allocasuarina microstachya,2891857
species,Stackhousia dielsii,5553293
species,Tripterococcus brunonis,3698194
species,Burchardia congesta,2740397
species,Crassula colorata,7334348
species,Callitris acuminata,2684113
species,Callitris arenaria,8266886
species,Callitris pyramidalis,8064537
species,Ammothryon grandiflorum,12374624
species,Caustis dioica,2718179
species,Gahnia trifida,2710070
species,Lepidosperma costale,2731169
species,Lepidosperma pruinosum,2731210
species,Lepidosperma pubisquameum,2731194
species,Lepidosperma scabrum,2731163
species,Lepidosperma sieberi,7647450
species,Lepidosperma tenue,2731167
species,Mesomelaena preissii,5291383
species,Mesomelaena pseudostygia,5291372
species,Mesomelaena stygia subsp. deflexa,5291379
species,Mesomelaena tetragona,5291375
species,Morelotia microcarpa,2718397
species,Morelotia octandra,2718503
species,Schoenus andrewsii,2709755
species,Schoenus brevisetis,2709952
species,Schoenus caespititius,2709884
species,Schoenus clandestinus,2709837
species,Schoenus curvifolius,2710010
species,Schoenus griffinianus,2709880
species,Schoenus insolitus,2709860
species,Schoenus nanus,2709842
species,Schoenus pedicellatus,2709780
species,Schoenus pleiostemoneus,2709913
species,Schoenus rigens,2709899
species,Schoenus subfascicularis,2709858
species,Schoenus subflavus,2709750
species,Schoenus unispiculatus,2709946
species,Calectasia hispida,2763172
species,Calectasia narragara,2763171
species,Calectasia palustris,2763161
species,Dasypogon obliquifolius,5303306
species,Hibbertia acerosa,7304083
species,Hibbertia crassifolia,5681141
species,Hibbertia fasciculiflora,7392717
species,Hibbertia huegelii,7304081
species,Hibbertia hypericoides,7304067
species,Hibbertia hypericoides subsp. hypericoides,10291284
species,Hibbertia hypericoides subsp. septentrionalis,9846494
species,Hibbertia leptotheca,10816306
species,Hibbertia propinqua,7715079
species,Hibbertia sericosepala,8416152
species,Hibbertia spicata,7304035
species,Hibbertia striata,9009178
species,Hibbertia subglabra,10797451
species,Hibbertia subvaginata,5681032
species,Drosera atrata,3190721
species,Drosera barbigera,3191209
species,Drosera coomallo,10681816
species,Drosera drummondii,3191092
species,Drosera echinoblastus,3191195
species,Drosera eneabba,3191085
species,Drosera erythrorhiza,3190994
species,Drosera glanduligera,3190912
species,Drosera humilis,3191120
species,Drosera magna,10965546
species,Drosera menziesii,3191086
species,Drosera porrecta,3191118
species,Drosera ramellosa,3190755
species,Drosera spilos,3191196
species,Drosera thysanosepala,3191089
species,Ecdeiocolea monostachya,2693407
species,Georgeantha hexandra,2693405
species,Tetratheca confertifolia,8334689
species,Tetratheca nephelioides,7683649
species,Andersonia heterophylla,7656622
species,Conostephium magnum,4010558
species,Conostephium pendulum,4010474
species,Conostephium preissii,4010443
species,Leucopogon grammatus,9237795
species,Leucopogon inflexus,9251252
species,Leucopogon oldfieldii,4010989
species,Leucopogon prolatus,9372683
species,Leucopogon stenophyllus,9284893
species,Lysinema pentapetalum,4010169
species,Styphelia carolineae,11726795
species,Styphelia conostephioides,4010044
species,Styphelia filamentosa,9480202
species,Styphelia filifolia,9245645
species,Styphelia hamulosa,4010462
species,Styphelia hispida,4010414
species,Styphelia insularis,10763641
species,Styphelia leptantha,4010095
species,Styphelia longissima,9478501
species,Styphelia microdonta,4009717
species,Styphelia oblongifolia,10849324
species,Styphelia obtecta,4011091
species,Styphelia stomarrhena,4009718
species,Styphelia tortifolia,10744504
species,Styphelia williamsiorum,9405026
species,Styphelia xerophylla,4010725
species,Beyeria similis,5380394
species,Monotaxis bracteata,5378047
species,Monotaxis grandiflora,5378040
species,Acacia alata,2980814
species,Acacia auronitens,2981182
species,Acacia barbinervis subsp. borealis,2979077
species,Acacia blakelyi,2979464
species,Acacia carens,2981202
species,Acacia cavealis,2981007
species,Acacia cochlearis,2979729
species,Acacia dilatata,2978831
species,Acacia drewiana subsp. drewiana,7225096
species,Acacia epacantha,2980776
species,Acacia fagonioides,7603407
species,Acacia flabellifolia,2980608
species,Acacia lasiocarpa,2980643
species,Acacia latipes,2979947
species,Acacia latipes subsp. licina,2979949
species,Acacia moirii subsp. recurvistipula,2981295
species,Acacia pulchella,2980170
species,Acacia rostellifera,2979059
species,Acacia saligna,2978552
species,Acacia scirpifolia,2979390
species,Acacia sessilis,2979941
species,Acacia spathulifolia,2980266
species,Acacia stenoptera,2978236
species,Acacia willdenowiana,2978527
species,Acacia wilsonii,2978981
species,Bossiaea eriocarpa,2968317
species,Cristonia biloba,3971298
species,Cristonia biloba subsp. pubescens,10870753
species,Daviesia angulata,2956005
species,Daviesia chapmanii,3911698
species,Daviesia daphnoides,2955993
species,Daviesia debilior,2956002
species,Daviesia debilior subsp. debilior,7224991
species,Daviesia decurrens,2955945
species,Daviesia divaricata,2955995
species,Daviesia epiphyllum,2955967
species,Daviesia incrassata,2956016
species,Daviesia longifolia,2955969
species,Daviesia nudiflora,2955947
species,Daviesia oxyclada,3911099
species,Daviesia pedunculata,2956001
species,Daviesia podophylla,2956021
species,Daviesia speciosa,3910892
species,Daviesia triflora,2955975
species,Gastrolobium axillare,5612565
species,Gastrolobium oxylobioides,5350208
species,Gastrolobium plicatum,5360162
species,Gastrolobium polystachyum,5350210
species,Gastrolobium spinosum,5350189
species,Gompholobium confertum,2950791
species,Gompholobium knightianum,2950795
species,Gompholobium preissii,2950824
species,Gompholobium shuttleworthii,2950782
species,Gompholobium tomentosum,2950823
species,Hardenbergia comptoniana,2948694
species,Hovea stricta,2974711
species,Isotropis cuneifolia,7447705
species,Isotropis cuneifolia subsp. cuneifolia,7301506
species,Jacksonia angulata,5359759
species,Jacksonia anthoclada,5612831
species,Jacksonia condensata,5359763
species,Jacksonia floribunda,5359777
species,Jacksonia hakeoides,5359761
species,Jacksonia lehmannii,5359746
species,Jacksonia nutans,5612717
species,Jacksonia restioides,5359751
species,Labichea lanceolata,2975915
species,Labichea punctata,7905612
species,Mirbelia floribunda,5348558
species,Mirbelia spinosa,5348549
species,Mirbelia trichocalyx,5348541
species,Sphaerolobium drummondii,2974306
species,Sphaerolobium pulchellum,2974320
species,Viminaria juncea,2946422
species,Frankenia glomerata,7273506
species,Schenkia australis,5595259
species,Pelargonium capitatum,9711656
species,Dampiera carinata,5569526
species,Dampiera lavandulacea,5569243
species,Dampiera linearis,7262173
species,Dampiera oligophylla,5569147
species,Dampiera spicigera,7262333
species,Dampiera teres,9783004
species,Goodenia berardiana,3761482
species,Goodenia caerulea,3761355
species,Goodenia reinwardtii,11190565
species,Goodenia trichophylla,3761749
species,Leschenaultia biloba,5569556
species,Leschenaultia floribunda,5569528
species,Leschenaultia hirsuta,5569507
species,Leschenaultia linarioides,8772188
species,Leschenaultia stenosepala,5569461
species,Scaevola anchusifolia,5569328
species,Scaevola canescens,5569190
species,Scaevola crassifolia,5569128
species,Scaevola eneabba,5569048
species,Scaevola glandulifera,7262321
species,Scaevola lanceolata,7262274
species,Scaevola phlebopetala,7357282
species,Scaevola repens,7262313
species,Scaevola sericophylla,7262279
species,Gyrostemon ramulosus,7330833
species,Walteranthus erectus,3718299
species,Anigozanthos humilis,2765857
species,Anigozanthos humilis subsp. humilis,7227485
species,Anigozanthos manglesii,2765842
species,Anigozanthos pulcherrimus,2765855
species,Blancoa canescens,5303593
species,Conostylis aculeata subsp. breviflora,2765745
species,Conostylis androstemma,2765738
species,Conostylis aurea,2765729
species,Conostylis candicans,2765767
species,Conostylis canteriata,2765737
species,Conostylis crassinerva,2765713
species,Conostylis dielsii,2765721
species,Conostylis hiemalis,2765716
species,Conostylis neocymosa,2765809
species,Conostylis prolifera,2765711
species,Conostylis resinosa,2765718
species,Conostylis teretifolia,2765795
species,Conostylis teretiuscula,2765763
species,Conostylis tomentosa,2765720
species,Haemodorum discolor,2765666
species,Haemodorum laxum,2765678
species,Haemodorum loratum,2765655
species,Haemodorum simulans,2765671
species,Haemodorum spicatum,2765661
species,Haemodorum venosum,2765673
species,Macropidia fuliginosa,2765828
species,Phlebocarya filifolia,2765900
species,Phlebocarya pilosissima subsp. pilosissima,7227481
species,Glischrocaryon aureum,7329715
species,Gonocarpus pithyoides,5555460
species,Freesia leichtlinii,2747079
species,Patersonia juncea,2746987
species,Patersonia occidentalis,2746968
species,Hemiandra rubriflora,3888121
species,Hemiphora bartlingii,7838971
species,Lachnostachys eriobotrya,3898909
species,Pityrodia hemigenioides,3882597
species,Pityrodia viscida,3896958
species,Quoya verbascina,8410867
species,Cassytha glabella,7304255
species,Orianthera spermacocea,9030619
species,Phyllangium divergens,4019866
species,Amyema miquelii,4000948
species,Nuytsia floribunda,11019792
species,Macarthuria australis,7904287
species,Androcalva pulchella,7920482
species,Guichenotia alba,7560334
species,Guichenotia ledifolia,7416625
species,Guichenotia macrantha,8092097
species,Guichenotia micrantha,7941479
species,Guichenotia sarotes,8315905
species,Lasiopetalum angustifolium,3671283
species,Lasiopetalum drummondii,3670988
species,Seringia hermanniifolia,7471499
species,Thomasia rulingioides,7908563
species,Liparophyllum congestiflorum,7598700
species,Parakeelya corrigioloides,4022815
species,Parakeelya remota,4022723
species,Apectospermum spinescens,3181787
species,Babingtonia camphorosmae,3173613
species,Babingtonia grandiflora,9247960
species,Calytrix chrysantha,3185012
species,Calytrix depressa,3184955
species,Calytrix eneabbensis,3185024
species,Calytrix flavescens,3184896
species,Calytrix fraseri,3184823
species,Calytrix gracilis,3185029
species,Calytrix oldfieldii,3185026
species,Calytrix sapphirina,3184975
species,Calytrix strigosa,3184833
species,Calytrix superba,3184887
species,Chamelaucium uncinatum,3188340
species,Corymbia calophylla,5418394
species,Darwinia neildiana,5418353
species,Darwinia pauciflora,5418329
species,Darwinia sanguinea,5418338
species,Darwinia speciosa,5418324
species,Ericomyrtus serpyllifolia,9437845
species,Eucalyptus accedens,3176604
species,Eucalyptus camaldulensis,3176197
species,Eucalyptus drummondii,3176648
species,Eucalyptus erythrocorys,3176896
species,Eucalyptus gittinsii subsp. illucida,3716732
species,Eucalyptus johnsoniana,3177082
species,Eucalyptus jucunda,3176236
species,Eucalyptus macrocarpa,3176430
species,Eucalyptus macrocarpa subsp. elachantha,3716375
species,Eucalyptus pleurocarpa,3177078
species,Eucalyptus suberea,3176682
species,Eucalyptus todtiana,3176386
species,Hypocalymma angustifolium,3186716
species,Hypocalymma gardneri,3186700
species,Hypocalymma hirsutum,3186740
species,Hypocalymma xanthopetalum,3186702
species,Kunzea micrantha subsp. petiolata,5419973
species,Leptospermopsis oligandra,3181696
species,Melaleuca arcuata,9627060
species,Melaleuca aspalathoides,5416043
species,Melaleuca beaufortioides,9273812
species,Melaleuca blepharosperma,9233597
species,Melaleuca cardiophylla,5416048
species,Melaleuca ciliosa,5415863
species,Melaleuca concreta,5416077
species,Melaleuca cuspidata,5419968
species,Melaleuca ectadioclada,9444927
species,Melaleuca eriocarpa,10924797
species,Melaleuca glabra,9558670
species,Melaleuca glumacea,9354343
species,Melaleuca hamata,5415770
species,Melaleuca hamulosa,5415761
species,Melaleuca hirsuta,9370507
species,Melaleuca huegelii subsp. huegelii,7223992
species,Melaleuca kybeliona,9426806
species,Melaleuca lateriflora,5415824
species,Melaleuca leuropoma,5415873
species,Melaleuca longissima,9494884
species,Melaleuca marginata,9618931
species,Melaleuca orbicularis,5416142
species,Melaleuca pilosa var. pilosa,10977928
species,Melaleuca platycalyx,5415818
species,Melaleuca porphyrocephala,9434147
species,Melaleuca quadrifida,9498040
species,Melaleuca quadrifida subsp. angustifolia,9264141
species,Melaleuca radula,5415811
species,Melaleuca ryeae,5416143
species,Melaleuca scitula,9371374
species,Melaleuca systena,5415794
species,Melaleuca tinkeri,5415934
species,Melaleuca torulosa,9441419
species,Melaleuca trichophylla,5415802
species,Melaleuca urceolaris,5416032
species,Melaleuca variegata,9615278
species,Melaleuca viminea subsp. viminea,5415847
species,Melaleuca zonalis,5415841
species,Melaleuca × mulleola,9253627
species,Pileanthus filifolius,3188404
species,Scholtzia laxiflora,3186802
species,Scholtzia obovata,3186820
species,Scholtzia umbellifera,3186808
species,Thryptomene hyporhytis,3177561
species,Thryptomene mucronulata,3177576
species,Thryptomene racemulosa,3177564
species,Thryptomene spicata,9266757
species,Verticordia albida,5420218
species,Verticordia amphigia,5420209
species,Verticordia argentea,5420175
species,Verticordia aurea,5420144
species,Verticordia blepharophylla,5420270
species,Verticordia chrysanthella,5420204
species,Verticordia densiflora,5420184
species,Verticordia densiflora var. roseostella,5420188
species,Verticordia fragrans,5420166
species,Verticordia grandis,5420283
species,Verticordia laciniata,5420219
species,Verticordia luteola var. rosea,5420257
species,Verticordia monadelpha,5420113
species,Verticordia monadelpha var. monadelpha,5420116
species,Verticordia muelleriana subsp. muelleriana,5420269
species,Verticordia nitens,5420139
species,Verticordia nobilis,5420127
species,Verticordia ovalifolia,5420297
species,Verticordia penicillaris,5420147
species,Verticordia pennigera,5420135
species,Verticordia rutilastra,5420298
species,Olax benthamiana,3685880
species,Olax scalariformis,3686102
species,Jasminum calcareum,3682329
species,Anthobolus foveolatus,3789388
species,Caladenia bicalliata subsp. bicalliata,7069691
species,Caladenia brunonis,2838946
species,Caladenia crebra,2841103
species,Caladenia denticulata subsp. albicans,9338156
species,Caladenia flava,2841189
species,Caladenia longicauda,2842059
species,Caladenia longicauda subsp. borealis,2842069
species,Caladenia radialis,2841150
species,Caleana dixonii,9362413
species,Caleana nigrita,2820692
species,Diuris refracta,9523783
species,Diuris tinkeri,9400465
species,Drakaea glyptodon,2833951
species,Eriochilus dilatatus,2791980
species,Leporella fimbriata,5311097
species,Pheladenia deformis,2790510
species,Prasophyllum elatum,2802717
species,Pterostylis recurva,2847274
species,Pterostylis vittata,2847496
species,Pyrorchis nigricans,2791576
species,Thelymitra campanulata,2814117
species,Thelymitra pulcherrima,5952169
species,Phyllanthus calycinus,5381927
species,Poranthera asybosca,9283603
species,Poranthera microphylla,5383319
species,Stachystemon axillaris,3075348
species,Aira caryophyllea,7747216
species,Amphipogon caricinus,4104775
species,Amphipogon debilis,4104724
species,Amphipogon turbinatus,5671564
species,Aristida contorta,4128741
species,Austrostipa compressa,4105554
species,Austrostipa elegantissima,4105448
species,Austrostipa exilis,4105409
species,Austrostipa flavescens,4105371
species,Austrostipa hemipogon,4105333
species,Austrostipa macalpinei,4105291
species,Avellinia festucoides,4104665
species,Avena barbata,2705300
species,Briza maxima,2702792
species,Briza minor,2702793
species,Ehrharta calycina,2702865
species,Ehrharta longiflora,2702862
species,Festuca muralis,4120026
species,Neurachne alopecuroidea,7403104
species,Pentameris airoides,4146851
species,Rytidosperma caespitosum,4136604
species,Rytidosperma setaceum,4135683
species,Secale cereale,2705966
species,Comesperma acerosum,4049253
species,Comesperma calymega,7293259
species,Comesperma confertum,7293668
species,Comesperma drummondii,4052145
species,Comesperma griffinii,4052028
species,Comesperma integerrimum,4051972
species,Comesperma rhadinocarpum,4051617
species,Comesperma scoparium,7492920
species,Comesperma volubile,7293539
species,Muehlenbeckia adpressa,7291259
species,Lysimachia arvensis,8184903
species,Samolus repens,7290572
species,Adenanthos cygnorum,7287327
species,Adenanthos cygnorum subsp. cygnorum,3996919
species,Adenanthos drummondii,3996864
species,Banksia armata,7287057
species,Banksia attenuata,5636437
species,Banksia bipinnatifida subsp. multifida,5636402
species,Banksia candolleana,5636364
species,Banksia carlinoides,5636357
species,Banksia chamaephyton,5636346
species,Banksia cypholoba,5636273
species,Banksia dallanneyi,7286952
species,Banksia elegans,5638556
species,Banksia fraseri,7287722
species,Banksia fraseri var. crebra,5638482
species,Banksia glaucifolia,5638445
species,Banksia grossa,5638425
species,Banksia hookeriana,5638382
species,Banksia incana,7287659
species,Banksia kippistiana,7287622
species,Banksia kippistiana var. kippistiana,7287623
species,Banksia kippistiana var. paenepeccata,5638205
species,Banksia lanata,5638179
species,Banksia leptophylla,7287595
species,Banksia menziesii,5637974
species,Banksia micrantha,5637967
species,Banksia nana,5637910
species,Banksia nivea,7287514
species,Banksia nobilis subsp. fragrans,5637890
species,Banksia prionotes,5637616
species,Banksia scabrella,5637394
species,Banksia sclerophylla,5637381
species,Banksia sessilis,7287395
species,Banksia sessilis var. flabellifolia,5637310
species,Banksia shuttleworthiana,5637303
species,Banksia sphaerocarpa,7287376
species,Banksia sphaerocarpa var. pumilio,5637252
species,Banksia splendida subsp. macrocarpa,5637214
species,Banksia stenoprion,5637205
species,Banksia strictifolia,5637200
species,Banksia subulata,5637188
species,Banksia tortifolia,5637155
species,Banksia tricuspis,5637147
species,Banksia tridentata,5637140
species,Banksia vestita,5637106
species,Conospermum boreale,7287186
species,Conospermum crassinervium,3995630
species,Conospermum incurvum,3995271
species,Conospermum nervosum,7287035
species,Conospermum stoechadis,7286979
species,Conospermum triplinervium,7286951
species,Conospermum unilaterale,3994517
species,Conospermum wycherleyi,7286944
species,Grevillea althoferorum subsp. althoferorum,7287131
species,Grevillea amplexans,7287122
species,Grevillea argyrophylla,3995282
species,Grevillea biformis,7286983
species,Grevillea biformis subsp. cymbiformis,3994751
species,Grevillea commutata subsp. commutata,7287677
species,Grevillea erinacea,3998461
species,Grevillea eriostachya,7287491
species,Grevillea exposita,3998346
species,Grevillea leucopteris,3996482
species,Grevillea makinsonii,3996095
species,Grevillea pinaster,7286960
species,Grevillea polybotrya,3999969
species,Grevillea rudis,3999133
species,Grevillea shuttleworthiana,7287530
species,Grevillea shuttleworthiana subsp. canarina,3998675
species,Grevillea synapheae,7287467
species,Grevillea synapheae subsp. pachyphylla,3998155
species,Grevillea uniformis,3997625
species,Hakea anadenia,3996955
species,Hakea auriculata,7287319
species,Hakea candolleana,7287295
species,Hakea circumalata,3996471
species,Hakea conchifolia,3996421
species,Hakea costata,7287246
species,Hakea cygnus subsp. cygnus,10798307
species,Hakea eneabba,3995946
species,Hakea flabellifolia,3995750
species,Hakea gilbertii,3995614
species,Hakea incrassata,3995394
species,Hakea lissocarpha,3995017
species,Hakea megalosperma,3994753
species,Hakea neospathulata,7402308
species,Hakea obliqua subsp. parviflora,3994458
species,Hakea petiolaris,7287726
species,Hakea platysperma,3999674
species,Hakea polyanthema,3999649
species,Hakea prostrata,3999602
species,Hakea psilorrhyncha,3999586
species,Hakea smilacifolia,3999055
species,Hakea stenocarpa,3999013
species,Hakea trifurcata,7287520
species,Hakea varia,3998492
species,Isopogon adenanthoides,5636928
species,Isopogon asper,5636884
species,Isopogon divergens,5636765
species,Isopogon dubius,5636747
species,Isopogon inconspicuus,5636695
species,Isopogon linearis,5636670
species,Isopogon tridens,5636536
species,Lambertia multiflora,7287730
species,Lambertia multiflora var. multiflora,7287731
species,Persoonia acicularis,5637993
species,Persoonia chapmaniana,5637785
species,Persoonia filiformis,5637601
species,Persoonia rudis,5636861
species,Petrophile brevifolia,3995547
species,Petrophile chrysantha,3995514
species,Petrophile drummondii,3995341
species,Petrophile linearis,7287038
species,Petrophile macrostachya,3994985
species,Petrophile megalostegia,3994920
species,Petrophile nivea,3994876
species,Petrophile scabriuscula,3994653
species,Petrophile seminuda,7286965
species,Petrophile septemfida,8405860
species,Petrophile shuttleworthiana,3994574
species,Petrophile striata,3994552
species,Stirlingia latifolia,3995038
species,Strangea cynanchicarpa,3997780
species,Synaphea aephynsa,3994696
species,Synaphea endothrix,3994508
species,Synaphea oulopha,3999814
species,Synaphea sparsiflora,3999585
species,Synaphea spinulosa,7287686
species,Synaphea xela,3999469
species,Xylomelum angustifolium,3998912
species,Alexgeorgea nitens,8789077
species,Alexgeorgea subterranea,2706739
species,Anarthria polyphylla,2731695
species,Centrolepis aristata,5287484
species,Centrolepis milleri,9408897
species,Centrolepis mutica,5287508
species,Centrolepis pilosa,5287445
species,Centrolepis polygyna,5287446
species,Chordifex reseminans,2707159
species,Chordifex sinuosus,2707177
species,Desmocladus asper,2707844
species,Desmocladus elongatus,2707829
species,Desmocladus flexuosus,2707854
species,Desmocladus lateriflorus,9344056
species,Desmocladus lateriticus,2707851
species,Desmocladus parthenicus,2707831
species,Desmocladus semiplanus,2707827
species,Desmocladus virgatus,2707833
species,Hopkinsia anoectocolea,5293048
species,Lepidobolus chaetocephalus,2707454
species,Lepidobolus preissianus,2707451
species,Lepidobolus quadratus,9624525
species,Loxocarya striata,2706901
species,Lyginia imberbis,2731696
species,Cryptandra intermedia,3877269
species,Cryptandra myriantha,3876954
species,Cryptandra nutans,7273936
species,Cryptandra pungens,3876579
species,Cryptandra scoparia,7273895
species,Polianthion wichurae,3874457
species,Stenanthemum humile,3876727
species,Stenanthemum notiale,7273912
species,Galium murale,2914590
species,Opercularia spermacocea,5337410
species,Opercularia vaginata,5337437
species,Boronia cymosa,3831194
species,Boronia purdieana subsp. purdieana,3836051
species,Cyanothamnus coerulescens subsp. spicatus,10734151
species,Cyanothamnus coerulescens subsp. spinescens,10692722
species,Cyanothamnus ramosus subsp. anethifolius,10797551
species,Diplolaena angustifolia,3836063
species,Diplolaena eneabbensis,3835993
species,Diplolaena ferruginea,3835976
species,Geleznowia verrucosa,3833806
species,Philotheca spicata,3838061
species,Leptomeria empetriformis,7477912
species,Leptomeria rubescens,9671171
species,Santalum acuminatum,3789456
species,Dodonaea aptera,5577678
species,Dodonaea divaricata,5577487
species,Dodonaea ericoides,5577452
species,Dodonaea pinifolia,7264821
species,Eremophila glabra subsp. chlorella,7358093
species,Eremophila microtheca,7870729
species,Eremophila subangustifolia,10884142
species,Anthocercis ilicifolia,7300169
species,Levenhookia octomaculata,3658190
species,Levenhookia pusilla,3658804
species,Levenhookia stipitata,10939279
species,Stylidium adpressum,7334947
species,Stylidium aeonioides,5543833
species,Stylidium bicolor,5543578
species,Stylidium burbidgeanum,5543956
species,Stylidium calcaratum,7334958
species,Stylidium carnosum,5543837
species,Stylidium cornuatum,8282243
species,Stylidium crossocephalum,5543616
species,Stylidium cygnorum,5543599
species,Stylidium dichotomum,5543507
species,Stylidium diuroides subsp. paucifoliatum,5543948
species,Stylidium drummondianum,5543921
species,Stylidium flagellum,5543714
species,Stylidium inversiflorum,5543918
species,Stylidium kalbarriense,5543841
species,Stylidium maitlandianum,5543940
species,Stylidium miniatum,5543871
species,Stylidium nonscandens,5543758
species,Stylidium purpureum,12212974
species,Stylidium repens,7334923
species,Stylidium rigidulum,5543688
species,Stylidium scariosum,5543533
species,Stylidium stenosepalum,5543868
species,Stylidium tinkeri,5543650
species,Stylidium torticarpum,5543643
species,Stylobasium australe,8019741
species,Pimelea angustifolia,7577838
species,Pimelea floribunda,3568160
species,Pimelea imbricata,7311261
species,Pimelea leucantha,3570351
species,Pimelea suaveolens,7311359
species,Pimelea sulphurea,7311353
species,Pigea calycina,4074014
species,Pigea floribunda,7982537
genus,Acacia,2978223
genus,Acanthocarpus,2772855
genus,Actinobole,3130492
genus,Actinotus,3232355
genus,Adenanthos,10507962
genus,Aira,2702432
genus,Alexgeorgea,2706737
genus,Allocasuarina,2891821
genus,Ammothryon,11988043
genus,Amphipogon,3232826
genus,Amyema,7287853
genus,Anarthria,2707860
genus,Andersonia,6008646
genus,Androcalva,8192059
genus,Anigozanthos,2765832
genus,Anthobolus,7265268
genus,Anthocercis,7300146
genus,Apectospermum,3181696
genus,Arctotheca,3114963
genus,Aristida,2706249
genus,Arnocrinum,7492151
genus,Austrostipa,6430830
genus,Avellinia,6430793
genus,Avena,2705282
genus,Babingtonia,8280655
genus,Banksia,8399031
genus,Beyeria,3072173
genus,Blancoa,2765810
genus,Blennospora,3117079
genus,Boronia,3190408
genus,Borya,9103963
genus,Bossiaea,2968290
genus,Brachyscome,3144537
genus,Briza,2702788
genus,Burchardia,2740396
genus,Byblis,3233845
genus,Caladenia,2841100
genus,Caleana,2785336
genus,Calectasia,2763159
genus,Callitris,2684270
genus,Calytrix,3184820
genus,Carpobrotus,3084841
genus,Cassytha,3033998
genus,Caustis,2706744
genus,Centaurea,3127469
genus,Centrolepis,2692415
genus,Chamaescilla,2772830
genus,Chamelaucium,3188328
genus,Chenopodium,3083823
genus,Chordifex,2707137
genus,Coincya,3040581
genus,Comesperma,7293258
genus,Conospermum,7286943
genus,Conostephium,7288556
genus,Conostylis,2756006
genus,Corymbia,3180424
genus,Corynotheca,2674111
genus,Crassula,2985823
genus,Cristonia,7302108
genus,Cryptandra,7273603
genus,Cyanothamnus,7268947
genus,Dampiera,3232111
genus,Darwinia,3180277
genus,Dasypogon,2763173
genus,Daviesia,2860806
genus,Desmocladus,2707824
genus,Dianella,9435646
genus,Diplolaena,7269327
genus,Diuris,2833966
genus,Dodonaea,3190017
genus,Drakaea,2833950
genus,Drosera,3190721
genus,Ecdeiocolea,2693406
genus,Ehrharta,2702861
genus,Eremophila,3233433
genus,Ericomyrtus,3186965
genus,Eriochilus,2791964
genus,Eucalyptus,7493935
genus,Festuca,2704913
genus,Frankenia,2874684
genus,Freesia,2747044
genus,Gahnia,2710052
genus,Galium,2913027
genus,Gastrolobium,2947397
genus,Geleznowia,6433896
genus,Georgeantha,2693404
genus,Glischrocaryon,7329709
genus,Gnephosis,3117285
genus,Gompholobium,2950775
genus,Gonocarpus,2984292
genus,Goodenia,7262160
genus,Grevillea,7940744
genus,Guichenotia,3233991
genus,Gyrostemon,7330827
genus,Haemodorum,2765649
genus,Hakea,7123622
genus,Hardenbergia,2948692
genus,Hemiandra,7307104
genus,Hemiphora,7306953
genus,Hensmania,2773876
genus,Hibbertia,3234609
genus,Hopkinsia,2731678
genus,Hovea,2974708
genus,Hyalosperma,3130627
genus,Hybanthus,2874225
genus,Hydrocotyle,3034601
genus,Hypocalymma,3186696
genus,Hypochaeris,3093681
genus,Isopogon,3232555
genus,Isotoma,3165046
genus,Isotropis,2956377
genus,Jacksonia,2975479
genus,Jasminum,3172260
genus,Johnsonia,2781111
genus,Kunzea,3186579
genus,Labichea,2975908
genus,Lachnostachys,7307801
genus,Lagenophora,3142117
genus,Lambertia,3232570
genus,Lasiopetalum,7322974
genus,Laxmannia,2770344
genus,Lepidobolus,2707446
genus,Lepidosperma,2731128
genus,Leporella,2804992
genus,Leptomeria,3788892
genus,Leptospermopsis,3185255
genus,Leschenaultia,7523518
genus,Leucopogon,7288455
genus,Levenhookia,7334874
genus,Liparophyllum,7268451
genus,Lobelia,2756426
genus,Lomandra,2770880
genus,Loxocarya,2706900
genus,Lyginia,2707585
genus,Lysimachia,3169330
genus,Lysinema,7288513
genus,Macarthuria,3231955
genus,Macropidia,9473366
genus,Macrozamia,2683521
genus,Melaleuca,3175449
genus,Mesomelaena,2711985
genus,Microcorys,7307257
genus,Millotia,3097583
genus,Mirbelia,2943000
genus,Monotaxis,3055307
genus,Morelotia,2720043
genus,Muehlenbeckia,2888858
genus,Neurachne,4114832
genus,Nuytsia,4001228
genus,Olax,7326443
genus,Olearia,3148688
genus,Opercularia,2903599
genus,Orianthera,9044518
genus,Parakeelya,8399671
genus,Patersonia,2746962
genus,Pelargonium,9348640
genus,Pentameris,3935834
genus,Persoonia,3232558
genus,Petrophile,10881830
genus,Pheladenia,9461394
genus,Philotheca,7268824
genus,Phlebocarya,2765893
genus,Phyllangium,7289382
genus,Phyllanthus,3061139
genus,Pigea,7296213
genus,Pileanthus,3188396
genus,Pimelea,7661118
genus,Pityrodia,7306492
genus,Platysace,6026676
genus,Podolepis,3100330
genus,Podotheca,3131098
genus,Polianthion,7273601
genus,Polycarpon,3085379
genus,Poranthera,3081052
genus,Prasophyllum,2802616
genus,Pterochaeta,3141841
genus,Pterostylis,2847269
genus,Ptilotus,3231872
genus,Pyrorchis,2791575
genus,Quoya,9396929
genus,Raphanus,3040962
genus,Rytidosperma,2706170
genus,Samolus,3169310
genus,Santalum,2889778
genus,Scaevola,3158673
genus,Schenkia,8177819
genus,Schoenus,2693232
genus,Scholtzia,3186798
genus,Secale,2705965
genus,Seringia,3233976
genus,Siemssenia,3130159
genus,Siloxerus,3100653
genus,Sonchus,3105646
genus,Sphaerolobium,2974304
genus,Stachystemon,7855247
genus,Stackhousia,3169080
genus,Stawellia,2780614
genus,Stenanthemum,7273898
genus,Stirlingia,7287021
genus,Strangea,7287008
genus,Stylidium,7791488
genus,Stylobasium,3012072
genus,Styphelia,2888316
genus,Synaphea,7286926
genus,Tetratheca,3232032
genus,Thelymitra,2813988
genus,Thomasia,3233927
genus,Thryptomene,3177544
genus,Thysanotus,2771443
genus,Trachymene,6026323
genus,Tricoryne,2769564
genus,Tripterococcus,7321074
genus,Ursinia,3088982
genus,Verticordia,3186971
genus,Viminaria,2946421
genus,Wahlenbergia,3167091
genus,Waitzia,3121733
genus,Walteranthus,7330830
genus,Xanthorrhoea,2779409
genus,Xanthosia,3232356
genus,Xylomelum,3996323
family,Aizoaceae,6752
family,Amaranthaceae,3064
family,Apiaceae,6720
family,Araliaceae,8800
family,Asparagaceae,7683
family,Asphodelaceae,4259209
family,Asteraceae,3065
family,Boryaceae,2234
family,Brassicaceae,3112
family,Byblidaceae,3233844
family,Campanulaceae,8801
family,Caryophyllaceae,2518
family,Casuarinaceae,5352
family,Celastraceae,6715
family,Colchicaceae,7697
family,Crassulaceae,2406
family,Cupressaceae,8144
family,Cyperaceae,7708
family,Dasypogonaceae,3732
family,Dilleniaceae,2511
family,Droseraceae,5399
family,Ecdeiocoleaceae,7709
family,Elaeocarpaceae,2435
family,Ericaceae,2505
family,Euphorbiaceae,4691
family,Fabaceae,5386
family,Frankeniaceae,2380
family,Gentianaceae,2503
family,Geraniaceae,4676
family,Goodeniaceae,3113
family,Gyrostemonaceae,3232345
family,Haemodoraceae,7691
family,Haloragaceae,6694
family,Iridaceae,7698
family,Lamiaceae,2497
family,Lauraceae,6688
family,Loganiaceae,2502
family,Loranthaceae,6663
family,Macarthuriaceae,7547450
family,Malvaceae,6685
family,Menyanthaceae,2386
family,Montiaceae,4898338
family,Myrtaceae,5014
family,Olacaceae,6662
family,Oleaceae,6652
family,Opiliaceae,3232649
family,Orchidaceae,7689
family,Phyllanthaceae,8807
family,Picrodendraceae,4693
family,Poaceae,3073
family,Polygalaceae,2417
family,Polygonaceae,2416
family,Primulaceae,6674
family,Proteaceae,2414
family,Restionaceae,4213
family,Rhamnaceae,2407
family,Rubiaceae,8798
family,Rutaceae,2396
family,Santalaceae,6661
family,Sapindaceae,6657
family,Scrophulariaceae,2390
family,Solanaceae,7717
family,Stylidiaceae,3232107
family,Surianaceae,6665
family,Thymelaeaceae,2428
family,Violaceae,6631
